<?xml version="1.0" encoding="UTF-8"?>
<project-private xmlns="http://www.netbeans.org/ns/project-private/1">
    <editor-bookmarks xmlns="http://www.netbeans.org/ns/editor-bookmarks/2" lastBookmarkId="0"/>
    <open-files xmlns="http://www.netbeans.org/ns/projectui-open-files/2">
        <group>
            <file>file:/C:/Users/David%20W/MPLABXProjects/ADS1220RTD_Brewno_V2_PIC_32/mcc_generated_files/pin_manager.c</file>
            <file>file:/C:/Users/David%20W/MPLABXProjects/ADS1220RTD_Brewno_V2_PIC_32/mcc_generated_files/spi1.c</file>
            <file>file:/C:/Users/David%20W/MPLABXProjects/ADS1220RTD_Brewno_V2_PIC_32/mcc_generated_files/spi1.h</file>
            <file>file:/C:/Users/David%20W/MPLABXProjects/ADS1220RTD_Brewno_V2_PIC_32/mcc_generated_files/i2c2.c</file>
            <file>file:/C:/Users/David%20W/MPLABXProjects/ADS1220RTD_Brewno_V2_PIC_32/ADS1220.h</file>
            <file>file:/C:/Users/David%20W/MPLABXProjects/ADS1220RTD_Brewno_V2_PIC_32/ADS1220.c</file>
            <file>file:/C:/Users/David%20W/MPLABXProjects/ADS1220RTD_Brewno_V2_PIC_32/main.c</file>
        </group>
    </open-files>
</project-private>
